1,1,0.0
1,2,28.47801
1,3,11.666349
1,4,5.349347
1,5,936.8214
1,6,873.1758
1,7,1372.9816
1,8,1466.4441
1,9,432.58057
1,10,706.6574
1,11,273.29172
1,12,481.897
1,13,224.368
1,14,384.34326
1,15,300.6897
1,16,343.4417
1,17,1020.5982
1,18,277.79736
1,19,666.8363
1,20,470.64224
1,21,195.55505
1,22,151.44415
1,23,33.240677
1,24,7.720969
1,25,84.26012
1,26,536.3646
1,27,589.7142
1,28,115.75882
1,29,159.96141
1,30,268.41992
1,31,949.6067
1,32,386.84116
1,33,415.27515
1,34,218.06027
1,35,300.06033
1,36,290.1138
1,37,7.6714826
1,38,106.25305
1,39,308.04828
1,40,52.72881
1,41,553.95483
1,42,-400.1033
1,43,45.649513
1,44,214.13863
1,45,-30.625507
1,46,893.4992
1,47,350.27878
1,48,192.82529
1,49,71.53853
1,50,94.7504
1,51,479.59225
1,55,774.45215
1,84,348.91284
1,85,653.5913
2,1,16.999664
2,2,0.0
2,3,26.616098
2,4,16.671951
2,5,673.85547
2,6,671.9233
2,7,985.2149
2,8,1157.2203
2,9,233.00017
2,10,384.7052
2,11,148.10352
2,12,296.77216
2,13,55.790718
2,14,254.31525
2,15,69.56104
2,16,202.73505
2,17,694.43677
2,18,205.01111
2,19,432.4497
2,20,449.4651
2,21,146.08302
2,22,102.992744
2,23,65.774765
2,24,21.446398
2,25,103.18924
2,26,385.0575
2,27,393.77133
2,28,136.63293
2,29,150.1961
2,30,168.63525
2,31,670.9033
2,32,296.4562
2,33,326.20306
2,34,110.721085
2,35,147.57951
2,36,192.16168
2,37,69.18558
2,38,84.89386
2,39,167.66815
2,40,120.76198
2,41,418.6649
2,42,-263.3332
2,43,51.887077
2,44,107.25605
2,45,23.249723
2,46,546.2613
2,47,239.10316
2,48,57.831837
2,49,19.258068
2,50,80.54869
2,51,320.9533
2,55,487.33157
2,84,217.85953
2,85,457.674
3,1,37.195618
3,2,14.64987
3,3,0.0
3,4,25.610838
3,5,521.8167
3,6,533.26
3,7,741.4035
3,8,846.5437
3,9,187.32202
3,10,234.38608
3,11,105.21554
3,12,204.45387
3,13,32.989265
3,14,125.84237
3,15,53.486656
3,16,133.15034
3,17,574.92786
3,18,144.27184
3,19,269.10315
3,20,329.73322
3,21,56.073757
3,22,23.772306
3,23,-12.417097
3,24,12.983223
3,25,85.339905
3,26,219.85597
3,27,247.91685
3,28,141.89366
3,29,38.177315
3,30,101.52167
3,31,460.92242
3,32,204.80392
3,33,184.275
3,34,59.62265
3,35,105.25821
3,36,115.97523
3,37,-24.65517
3,38,71.81769
3,39,80.583885
3,40,55.547413
3,41,354.25238
3,42,-165.52606
3,43,31.659527
3,44,74.0927
3,45,27.116032
3,46,384.14545
3,47,182.27472
3,48,48.15706
3,49,9.123532
3,50,38.884125
3,51,203.0539
3,55,351.37897
3,84,132.17322
3,85,245.4757
4,1,3.5848582
4,2,7.1442165
4,3,-8.175919
4,4,0.0
4,5,544.8955
4,6,534.00494
4,7,782.1063
4,8,827.0255
4,9,247.58594
4,10,277.45724
4,11,151.38805
4,12,277.82907
4,13,114.499435
4,14,191.6789
4,15,92.64935
4,16,167.50175
4,17,613.3527
4,18,173.26413
4,19,325.77054
4,20,338.39355
4,21,79.76254
4,22,35.271935
4,23,-20.529482
4,24,-10.0783615
4,25,20.809155
4,26,272.06406
4,27,296.15295
4,28,53.157455
4,29,59.91829
4,30,150.90028
4,31,511.6715
4,32,186.0688
4,33,195.67026
4,34,106.14842
4,35,151.76343
4,36,133.98125
4,37,-39.76425
4,38,40.18013
4,39,177.04742
4,40,41.156006
4,41,358.79544
4,42,-214.47859
4,43,27.48953
4,44,116.31931
4,45,16.800116
4,46,481.67374
4,47,218.21364
4,48,93.35969
4,49,27.843313
4,50,40.52339
4,51,249.21104
4,55,423.1167
4,84,178.30447
4,85,346.01413
5,1,279.8916
5,2,323.67673
5,3,230.48851
5,4,233.70755
5,5,0.0
5,6,24.937069
5,7,-27.227726
5,8,-158.87225
5,9,10.968675
5,10,-62.017765
5,11,60.692184
5,12,87.724396
5,13,19.204727
5,14,-70.10973
5,15,-30.414392
5,16,-44.785095
5,17,-226.12122
5,18,-18.983719
5,19,114.35861
5,20,-13.354626
5,21,232.15088
5,22,211.65433
5,23,235.74985
5,24,284.0692
5,25,380.6642
5,26,118.14526
5,27,184.86343
5,28,532.5339
5,29,223.82814
5,30,70.96189
5,31,-81.54484
5,32,458.77383
5,33,334.72186
5,34,214.32213
5,35,-97.87736
5,36,160.97725
5,37,306.5252
5,38,78.07652
5,39,1.0733335
5,40,138.7097
5,41,-10.876505
5,42,38.06888
5,43,-58.251568
5,44,-5.9802446
5,45,150.41403
5,46,2.5967429
5,47,-162.02905
5,48,10.6799135
5,49,10.692207
5,50,161.43463
5,51,17.107536
5,55,-29.802752
5,84,-91.39222
5,85,-53.624832
6,1,-20.091671
6,2,-15.213921
6,3,-6.320219
6,4,-33.896175
6,5,58.118538
6,6,0.0
6,7,68.45793
6,8,-65.505974
6,9,15.039271
6,10,-124.72622
6,11,49.770607
6,12,167.70471
6,13,-39.107517
6,14,-17.422047
6,15,-28.456467
6,16,107.7147
6,17,149.10512
6,18,-2.3428686
6,19,56.176704
6,20,-31.294077
6,21,-14.566868
6,22,-47.734077
6,23,-58.846283
6,24,-28.671019
6,25,-20.68307
6,26,56.069496
6,27,12.598304
6,28,-17.559464
6,29,41.59324
6,30,16.45047
6,31,65.72919
6,32,70.72174
6,33,34.010098
6,34,12.412305
6,35,22.753439
6,36,-28.449696
6,37,-20.50222
6,38,-5.244643
6,39,120.54639
6,40,24.7367
6,41,86.657394
6,42,-25.920496
6,43,12.034328
6,44,29.268326
6,45,-64.5633
6,46,157.35834
6,47,21.667126
6,48,15.373363
6,49,-25.248892
6,50,-11.055124
6,51,39.09137
6,55,74.64429
6,84,1.9839431
6,85,31.21012
7,1,352.88477
7,2,405.72955
7,3,362.4204
7,4,334.21445
7,5,-12.262558
7,6,-21.446995
7,7,0.0
7,8,-200.5556
7,9,-122.187126
7,10,-127.042496
7,11,12.463366
7,12,80.354065
7,13,-90.63958
7,14,-74.54945
7,15,-126.81275
7,16,-60.057083
7,17,-426.76633
7,18,-61.579735
7,19,160.86569
7,20,48.956203
7,21,348.0376
7,22,319.33075
7,23,413.66208
7,24,410.805
7,25,582.1552
7,26,218.57545
7,27,284.2582
7,28,753.9077
7,29,442.38885
7,30,75.0533
7,31,-97.371796
7,32,691.47705
7,33,531.0688
7,34,253.25098
7,35,-164.46872
7,36,211.35342
7,37,548.7716
7,38,129.95921
7,39,11.037094
7,40,256.55823
7,41,-120.09861
7,42,52.74219
7,43,-58.141323
7,44,-14.065242
7,45,194.19557
7,46,-36.368366
7,47,-226.5729
7,48,-28.152258
7,49,-8.528451
7,50,258.30206
7,51,33.559593
7,55,-99.65979
7,84,-134.46735
7,85,-77.54117
8,1,378.93866
8,2,319.03616
8,3,212.59973
8,4,334.71844
8,5,-221.43988
8,6,-230.03534
8,7,-340.99542
8,8,0.0
8,9,-333.6478
8,10,-378.96252
8,11,-198.58565
8,12,-173.41827
8,13,-351.15384
8,14,-224.6196
8,15,-102.90088
8,16,-27.31036
8,17,-327.4364
8,18,-236.03569
8,19,-195.38373
8,20,-133.0331
8,21,-5.446168
8,22,-100.518425
8,23,77.771194
8,24,289.2979
8,25,543.3809
8,26,-220.34987
8,27,-104.554665
8,28,798.83185
8,29,181.78358
8,30,-170.75377
8,31,-287.52753
8,32,415.48035
8,33,6.011963
8,34,-99.79117
8,35,-119.74475
8,36,-71.31449
8,37,218.45074
8,38,210.53912
8,39,-166.60577
8,40,84.292336
8,41,-194.36327
8,42,218.25418
8,43,-122.59082
8,44,-41.40281
8,45,134.03662
8,46,-193.62474
8,47,-145.91127
8,48,-88.33838
8,49,-37.460526
8,50,125.948
8,51,-222.94144
8,55,-302.2502
8,84,-314.45148
8,85,-650.3598
9,1,70.44411
9,2,19.101198
9,3,-43.520206
9,4,33.427113
9,5,177.83575
9,6,146.26982
9,7,262.35455
9,8,-200.07819
9,9,0.0
9,10,15.402607
9,11,-19.821194
9,12,54.028584
9,13,-66.73172
9,14,27.90017
9,15,101.34452
9,16,137.78291
9,17,365.53766
9,18,-20.715988
9,19,17.631134
9,20,51.798073
9,21,-117.849045
9,22,-194.57884
9,23,-173.76762
9,24,-25.839352
9,25,55.589924
9,26,-70.61931
9,27,-6.901694
9,28,145.8517
9,29,-52.437263
9,30,-37.07219
9,31,174.0893
9,32,42.00393
9,33,-139.17517
9,34,-96.49849
9,35,125.096016
9,36,-62.474
9,37,-162.78658
9,38,85.800385
9,39,45.08613
9,40,-71.99259
9,41,126.67866
9,42,-30.384823
9,43,-43.33757
9,44,77.89939
9,45,-17.056387
9,46,236.20164
9,47,155.32446
9,48,50.171448
9,49,10.098243
9,50,-19.732311
9,51,5.6055064
9,55,138.46875
9,84,-14.327019
9,85,-153.7101
10,1,206.82304
10,2,179.49791
10,3,91.4765
10,4,162.29187
10,5,205.04137
10,6,167.183
10,7,299.7481
10,8,-125.89004
10,9,34.88727
10,10,0.0
10,11,10.298857
10,12,67.38783
10,13,-12.911827
10,14,44.70073
10,15,146.46336
10,16,102.3191
10,17,199.97179
10,18,-19.956953
10,19,131.7226
10,20,61.489525
10,21,47.688908
10,22,-10.817996
10,23,14.399427
10,24,135.05115
10,25,262.7575
10,26,44.396652
10,27,158.34262
10,28,398.9261
10,29,99.254
10,30,20.234264
10,31,175.6589
10,32,289.47528
10,33,88.79764
10,34,42.529915
10,35,92.497986
10,36,69.36937
10,37,46.40343
10,38,132.15771
10,39,37.907433
10,40,-9.628636
10,41,66.225136
10,42,-40.376152
10,43,-66.51225
10,44,86.482285
10,45,56.588715
10,46,242.11687
10,47,74.00979
10,48,77.149925
10,49,35.631336
10,50,85.33828
10,51,53.56188
10,55,147.94557
10,84,-17.588427
10,85,-112.781815
11,1,96.33946
11,2,57.431488
11,3,-19.580832
11,4,50.751797
11,5,195.1813
11,6,183.91328
11,7,243.71194
11,8,-93.56378
11,9,50.681915
11,10,56.881298
11,11,0.0
11,12,35.986084
11,13,-42.395824
11,14,53.040077
11,15,73.76134
11,16,102.305374
11,17,314.3969
11,18,14.181777
11,19,43.398956
11,20,67.31923
11,21,-54.059605
11,22,-124.725006
11,23,-108.28722
11,24,5.6647534
11,25,78.467354
11,26,-41.723385
11,27,9.040166
11,28,182.87375
11,29,-45.038357
11,30,-15.161658
11,31,178.17686
11,32,58.563988
11,33,-79.275795
11,34,-58.97762
11,35,86.01081
11,36,-12.783547
11,37,-95.01523
11,38,80.484406
11,39,4.900228
11,40,-18.073387
11,41,161.66098
11,42,-33.72346
11,43,-42.800728
11,44,39.19458
11,45,29.473541
11,46,183.9133
11,47,113.419
11,48,11.607575
11,49,14.516889
11,50,-1.3697937
11,51,13.502994
11,55,125.85804
11,84,-7.3566246
11,85,-68.540085
12,1,234.22375
12,2,195.83014
12,3,64.44597
12,4,177.96089
12,5,195.60614
12,6,190.46312
12,7,258.02634
12,8,-213.65976
12,9,36.112335
12,10,63.012268
12,11,-17.094564
12,12,0.0
12,13,-22.861023
12,14,-11.678751
12,15,121.49852
12,16,48.87714
12,17,218.20743
12,18,-26.010216
12,19,32.645504
12,20,83.99696
12,21,-15.864841
12,22,-84.56191
12,23,-51.31733
12,24,132.50471
12,25,263.63718
12,26,-64.50512
12,27,78.81972
12,28,442.45984
12,29,4.28979
12,30,-13.607627
12,31,102.355774
12,32,228.6619
12,33,-15.14562
12,34,-1.1959894
12,35,76.76136
12,36,29.81314
12,37,-40.18885
12,38,135.00188
12,39,-34.725895
12,40,-42.379974
12,41,94.05953
12,42,5.0521307
12,43,-84.41922
12,44,69.24258
12,45,103.697845
12,46,162.05756
12,47,82.231476
12,48,63.87342
12,49,34.13549
12,50,61.687157
12,51,-12.209196
12,55,98.8443
12,84,-63.21076
12,85,-233.5392
13,1,43.02201
13,2,11.752253
13,3,-48.482986
13,4,-2.775705
13,5,230.0935
13,6,178.54404
13,7,316.13843
13,8,-4.8491793
13,9,115.15347
13,10,168.07207
13,11,53.347584
13,12,122.45704
13,13,0.0
13,14,99.19605
13,15,167.01286
13,16,166.83008
13,17,395.67017
13,18,30.649149
13,19,124.64695
13,20,14.595989
13,21,-50.090923
13,22,-104.704025
13,23,-132.88972
13,24,-42.38035
13,25,-3.628193
13,26,21.939487
13,27,61.097282
13,28,50.275078
13,29,-45.08757
13,30,20.735004
13,31,253.37149
13,32,33.614925
13,33,-63.176514
13,34,-21.857374
13,35,147.06056
13,36,3.2055616
13,37,-133.32312
13,38,57.34259
13,39,89.93265
13,40,-62.380333
13,41,168.28793
13,42,-86.92648
13,43,-29.137957
13,44,81.087875
13,45,-43.35607
13,46,307.20923
13,47,143.71918
13,48,71.12777
13,49,29.249046
13,50,-17.999952
13,51,75.81934
13,55,220.53305
13,84,57.530334
13,85,34.227196
14,1,31.600002
14,2,44.919846
14,3,60.478207
14,4,12.443415
14,5,-185.28384
14,6,-226.8352
14,7,-342.39917
14,8,-216.97241
14,9,-59.431843
14,10,0.653018
14,11,22.944607
14,12,8.682168
14,13,-53.343143
14,14,0.0
14,15,-31.470074
14,16,20.645351
14,17,-279.33994
14,18,-36.348595
14,19,43.940968
14,20,-270.82874
14,21,121.789505
14,22,147.67819
14,23,141.76985
14,24,42.06585
14,25,36.92306
14,26,51.2178
14,27,-45.5405
14,28,17.154018
14,29,88.57875
14,30,-12.718778
14,31,-102.52905
14,32,57.008003
14,33,127.37395
14,34,48.44461
14,35,-102.50845
14,36,45.245804
14,37,212.64719
14,38,-7.4243183
14,39,-34.164913
14,40,116.67344
14,41,-69.49864
14,42,41.982708
14,43,8.683474
14,44,-103.491745
14,45,-51.497517
14,46,-125.842285
14,47,-192.58533
14,48,-100.63347
14,49,-19.875128
14,50,20.459667
14,51,-19.330702
14,55,-123.614
14,84,-31.584242
14,85,108.19848
15,1,156.49178
15,2,138.87518
15,3,90.02556
15,4,94.75923
15,5,-188.32556
15,6,-266.7349
15,7,-377.18317
15,8,-612.5469
15,9,-95.70422
15,10,10.684799
15,11,-4.235418
15,12,-1.259274
15,13,-123.84949
15,14,-6.4899406
15,15,0.0
15,16,95.102425
15,17,-233.8974
15,18,-93.9072
15,19,45.300655
15,20,-376.9019
15,21,104.29884
15,22,83.89285
15,23,106.45676
15,24,92.89249
15,25,162.93008
15,26,-15.458485
15,27,-73.97559
15,28,231.68272
15,29,102.38127
15,30,-57.320972
15,31,-87.08902
15,32,150.48154
15,33,80.000496
15,34,8.686582
15,35,-70.12503
15,36,28.829815
15,37,219.09926
15,38,71.524475
15,39,-52.380753
15,40,108.10785
15,41,-65.97221
15,42,68.860596
15,43,-44.407314
15,44,-94.79641
15,45,-48.493713
15,46,-64.1777
15,47,-193.1787
15,48,-104.38208
15,49,-10.604135
15,50,37.996887
15,51,-57.92005
15,55,-126.32954
15,84,-91.495605
15,85,-37.69072
16,1,146.4046
16,2,132.1756
16,3,10.337906
16,4,38.429153
16,5,-125.277725
16,6,-191.1107
16,7,-388.46844
16,8,-678.7661
16,9,16.935097
16,10,-60.008377
16,11,49.613266
16,12,37.4935
16,13,-72.184975
16,14,-13.080682
16,15,35.30742
16,16,0.0
16,17,-55.71316
16,18,-42.678467
16,19,-1.5588503
16,20,-402.0215
16,21,36.715958
16,22,-16.227005
16,23,-30.972986
16,24,23.145134
16,25,46.033707
16,26,-102.8439
16,27,-180.21516
16,28,155.75958
16,29,-59.96174
16,30,-55.06462
16,31,-82.55942
16,32,14.528179
16,33,-56.5214
16,34,-13.791471
16,35,-57.38906
16,36,-9.596353
16,37,60.53728
16,38,34.30584
16,39,-61.98244
16,40,84.66292
16,41,103.51398
16,42,71.87559
16,43,-58.14928
16,44,-117.90004
16,45,-29.286373
16,46,-43.369408
16,47,-164.6208
16,48,-123.2529
16,49,-9.379985
16,50,-26.768326
16,51,-89.965355
16,55,-88.42205
16,84,-95.442856
16,85,-12.857843
17,1,429.1446
17,2,301.20123
17,3,56.611755
17,4,282.49518
17,5,209.41832
17,6,203.95668
17,7,28.004877
17,8,-178.19441
17,9,31.342548
17,10,229.30444
17,11,-9.995905
17,12,-119.478546
17,13,-216.78128
17,14,-76.08568
17,15,145.47824
17,16,98.81301
17,17,0.0
17,18,-40.147663
17,19,64.35922
17,20,-287.51282
17,21,48.331104
17,22,10.277051
17,23,14.234983
17,24,186.57886
17,25,429.13678
17,26,-151.88855
17,27,-105.92739
17,28,732.94324
17,29,-132.09563
17,30,-133.42981
17,31,114.819496
17,32,282.12085
17,33,29.063673
17,34,-76.53566
17,35,-75.1222
17,36,90.81682
17,37,103.52638
17,38,251.58434
17,39,-378.69965
17,40,113.83724
17,41,323.7883
17,42,105.5885
17,43,-86.13014
17,44,-182.59207
17,45,73.553825
17,46,-45.44307
17,47,-158.98424
17,48,-186.5985
17,49,-3.449532
17,50,31.133823
17,51,-96.48309
17,55,-24.285315
17,84,-148.05699
17,85,-206.01149
18,1,-58.754078
18,2,-114.26995
18,3,-111.41885
18,4,-94.49336
18,5,-16.399126
18,6,-93.500244
18,7,-54.022564
18,8,-382.19977
18,9,-35.681576
18,10,19.002565
18,11,-17.89988
18,12,51.828274
18,13,-126.16075
18,14,71.972015
18,15,80.49046
18,16,205.37315
18,17,242.64412
18,18,0.0
18,19,8.094007
18,20,-207.47586
18,21,-126.87787
18,22,-181.53572
18,23,-179.57817
18,24,-148.85403
18,25,-131.9084
18,26,-75.58894
18,27,-151.39833
18,28,-142.7861
18,29,-77.66101
18,30,-79.08828
18,31,131.47054
18,32,-149.92397
18,33,-200.77104
18,34,-161.2433
18,35,89.01436
18,36,-113.61237
18,37,-130.06003
18,38,28.572609
18,39,49.785038
18,40,-29.016188
18,41,78.82012
18,42,-19.9028
18,43,-5.695123
18,44,-8.671421
18,45,-155.57808
18,46,150.18372
18,47,67.07221
18,48,-48.11367
18,49,-16.436716
18,50,-89.81483
18,51,-14.986561
18,55,51.70309
18,84,7.0946546
18,85,-3.2699635
19,1,47.559364
19,2,-11.525986
19,3,-47.32166
19,4,26.86641
19,5,158.64944
19,6,183.14764
19,7,184.92857
19,8,52.64213
19,9,-25.900927
19,10,-66.3511
19,11,-44.711475
19,12,-19.535234
19,13,-153.7446
19,14,-19.105907
19,15,-50.636364
19,16,61.905624
19,17,284.5587
19,18,4.193337
19,19,0.0
19,20,90.659546
19,21,-95.03051
19,22,-147.0218
19,23,-111.39136
19,24,-25.073914
19,25,59.353695
19,26,-76.08779
19,27,-75.66574
19,28,143.81358
19,29,-76.64229
19,30,-66.073845
19,31,126.43028
19,32,8.668649
19,33,-96.203125
19,34,-129.49805
19,35,11.055197
19,36,-58.348766
19,37,-89.58623
19,38,73.80113
19,39,-78.75855
19,40,27.308315
19,41,182.89565
19,42,11.092378
19,43,-4.5534225
19,44,-27.395721
19,45,14.527668
19,46,53.854977
19,47,77.29314
19,48,-70.60794
19,49,-28.682205
19,50,-29.651573
19,51,-27.967735
19,55,36.416737
19,84,-39.53157
19,85,-102.569954
20,1,168.72636
20,2,145.5463
20,3,115.63781
20,4,158.23651
20,5,-128.54982
20,6,-58.23828
20,7,-302.2765
20,8,40.41942
20,9,-132.98248
20,10,-34.203835
20,11,-73.11819
20,12,-213.27783
20,13,-167.45667
20,14,-96.50031
20,15,-159.71945
20,16,-147.95918
20,17,-370.1376
20,18,-31.28679
20,19,-65.70044
20,20,0.0
20,21,140.82687
20,22,180.09315
20,23,235.5519
20,24,166.66832
20,25,255.178
20,26,-40.5502
20,27,-78.65427
20,28,342.75824
20,29,49.922333
20,30,-73.65052
20,31,-174.40671
20,32,142.89816
20,33,160.6376
20,34,-3.1131744
20,35,-225.75534
20,36,80.07966
20,37,296.34457
20,38,70.271065
20,39,-299.63428
20,40,193.73946
20,41,-24.17741
20,42,129.40218
20,43,-1.3706682
20,44,-201.34431
20,45,116.41812
20,46,-383.6511
20,47,-248.21103
20,48,-212.15349
20,49,-36.57408
20,50,66.10384
20,51,-105.9877
20,55,-260.9687
20,84,-122.02356
20,85,-55.077015
21,1,-37.09134
21,2,-65.04699
21,3,-57.458313
21,4,-42.26204
21,5,431.9081
21,6,464.8549
21,7,572.60443
21,8,831.12244
21,9,148.01915
21,10,140.6671
21,11,82.706635
21,12,150.577
21,13,-26.429224
21,14,106.64006
21,15,-42.5491
21,16,106.73733
21,17,519.3135
21,18,148.62184
21,19,189.51921
21,20,276.20477
21,21,0.0
21,22,-6.776871
21,23,-38.5844
21,24,-56.937885
21,25,-20.400915
21,26,163.72682
21,27,118.70528
21,28,2.2108376
21,29,-30.313065
21,30,61.101616
21,31,395.40897
21,32,57.83089
21,33,108.173836
21,34,-8.256988
21,35,45.812943
21,36,64.60749
21,37,-44.496937
21,38,32.15058
21,39,20.61356
21,40,92.353165
21,41,372.39307
21,42,-130.69725
21,43,57.345184
21,44,-1.8364447
21,45,3.950846
21,46,249.93599
21,47,139.5259
21,48,-41.654667
21,49,-19.356464
21,50,-12.2769375
21,51,152.89166
21,55,259.48987
21,84,115.99196
21,85,279.61917
22,1,-19.481207
22,2,-63.954567
22,3,-35.85834
22,4,-9.267933
22,5,428.43234
22,6,457.61823
22,7,614.5641
22,8,822.67206
22,9,92.09374
22,10,189.46829
22,11,40.7657
22,12,110.88463
22,13,-70.22668
22,14,119.700806
22,15,-20.096546
22,16,115.4962
22,17,497.7243
22,18,120.74318
22,19,198.6286
22,20,301.2356
22,21,18.661154
22,22,0.0
22,23,-9.818945
22,24,-33.96316
22,25,40.78953
22,26,172.02328
22,27,149.77419
22,28,62.90876
22,29,19.010986
22,30,42.860523
22,31,421.74335
22,32,103.873886
22,33,123.45092
22,34,-33.327747
22,35,60.398544
22,36,66.176636
22,37,-7.7538466
22,38,68.588036
22,39,8.429543
22,40,87.63014
22,41,313.81885
22,42,-132.05077
22,43,53.953262
22,44,13.885709
22,45,-0.9026489
22,46,258.08447
22,47,157.01396
22,48,-35.313164
22,49,-16.692545
22,50,9.468506
22,51,157.52597
22,55,253.69794
22,84,112.32499
22,85,230.21303
23,1,7.0737643
23,2,-18.920605
23,3,-14.978397
23,4,-3.7387464
23,5,422.0832
23,6,439.4784
23,7,558.6622
23,8,748.37524
23,9,126.52755
23,10,146.87819
23,11,82.82567
23,12,167.88902
23,13,-44.996338
23,14,111.636215
23,15,-34.23994
23,16,125.27466
23,17,475.42487
23,18,131.4337
23,19,221.95602
23,20,250.35611
23,21,57.871376
23,22,25.907743
23,23,0.0
23,24,-13.003125
23,25,49.273624
23,26,192.44727
23,27,152.56125
23,28,90.197
23,29,32.31507
23,30,65.572754
23,31,398.94238
23,32,143.39536
23,33,165.79347
23,34,15.033565
23,35,40.065666
23,36,86.56572
23,37,24.258377
23,38,55.23531
23,39,34.716507
23,40,118.66586
23,41,347.77692
23,42,-129.43823
23,43,46.726074
23,44,1.9371283
23,45,8.669822
23,46,270.0726
23,47,115.53786
23,48,-41.81507
23,49,-18.10631
23,50,17.745514
23,51,160.97247
23,55,255.71648
23,84,102.6821
23,85,270.83887
24,1,16.860073
24,2,7.1351376
24,3,0.5451737
24,4,-5.7609787
24,5,764.42413
24,6,742.362
24,7,1079.5934
24,8,1290.2252
24,9,330.2799
24,10,465.83615
24,11,215.20941
24,12,379.8622
24,13,120.740776
24,14,270.33157
24,15,136.52533
24,16,250.19774
24,17,827.1276
24,18,240.49272
24,19,502.75052
24,20,410.22058
24,21,154.2811
24,22,117.72716
24,23,31.296036
24,24,0.0
24,25,63.766
24,26,422.31586
24,27,424.18533
24,28,98.61205
24,29,106.98279
24,30,200.3032
24,31,744.4309
24,32,298.96417
24,33,345.76654
24,34,152.21521
24,35,180.21082
24,36,220.48943
24,37,22.734734
24,38,76.50971
24,39,198.82034
24,40,102.0333
24,41,514.4004
24,42,-298.55017
24,43,57.225685
24,44,118.332825
24,45,-7.4448357
24,46,645.3524
24,47,250.18124
24,48,87.346535
24,49,28.774073
24,50,63.807606
24,51,365.09265
24,55,579.17426
24,84,258.1357
24,85,543.0832
25,1,-5.0153694
25,2,-25.997717
25,3,-29.030079
25,4,-26.2815
25,5,378.60065
25,6,376.34067
25,7,478.63025
25,8,691.2869
25,9,153.27585
25,10,197.2735
25,11,106.64158
25,12,177.8226
25,13,-5.6193333
25,14,121.02742
25,15,13.061583
25,16,138.05853
25,17,440.78418
25,18,129.58536
25,19,235.03578
25,20,152.31993
25,21,66.39701
25,22,48.770157
25,23,3.2683156
25,24,-32.093803
25,25,0.0
25,26,190.4377
25,27,135.56284
25,28,25.399086
25,29,8.856414
25,30,70.01479
25,31,377.25967
25,32,102.77256
25,33,155.1209
25,34,32.586636
25,35,45.53183
25,36,93.53996
25,37,17.860062
25,38,37.779125
25,39,40.30686
25,40,101.48826
25,41,332.24866
25,42,-130.25117
25,43,46.09898
25,44,-7.2991343
25,45,-23.583527
25,46,265.33405
25,47,85.815796
25,48,-35.41157
25,49,-9.866777
25,50,2.7205732
25,51,161.47856
25,55,253.83376
25,84,115.89189
25,85,310.07065
26,1,71.163574
26,2,13.498186
26,3,-29.486824
26,4,59.01764
26,5,255.72731
26,6,280.92047
26,7,365.67746
26,8,293.83313
26,9,33.8537
26,10,88.395615
26,11,-20.985573
26,12,-6.396649
26,13,-71.675446
26,14,2.0401735
26,15,41.662094
26,16,51.65393
26,17,338.5536
26,18,25.475142
26,19,37.260185
26,20,161.14783
26,21,-65.00429
26,22,-91.381134
26,23,-80.559555
26,24,8.961926
26,25,102.55847
26,26,0.0
26,27,38.827698
26,28,183.33078
26,29,-60.598045
26,30,-26.673708
26,31,195.04509
26,32,74.94035
26,33,-30.553114
26,34,-71.24554
26,35,55.90475
26,36,0.1604726
26,37,-92.765724
26,38,90.76954
26,39,-67.0046
26,40,-18.342003
26,41,177.94579
26,42,-28.095922
26,43,-4.987841
26,44,22.303772
26,45,27.111967
26,46,129.91895
26,47,114.65668
26,48,3.2429523
26,49,-1.6149378
26,50,-1.7202868
26,51,27.811333
26,55,121.83857
26,84,6.351364
26,85,-78.01009
27,1,122.21276
27,2,103.86166
27,3,18.750774
27,4,70.87933
27,5,178.15132
27,6,158.93652
27,7,186.50041
27,8,86.99664
27,9,106.78586
27,10,151.91907
27,11,60.72901
27,12,65.56199
27,13,34.85329
27,14,30.671371
27,15,109.88147
27,16,68.97902
27,17,195.22244
27,18,32.063084
27,19,111.00447
27,20,-22.904665
27,21,41.445824
27,22,22.620674
27,23,-8.472564
27,24,53.771786
27,25,105.611
27,26,31.478622
27,27,0.0
27,28,191.80618
27,29,-21.816643
27,30,24.522911
27,31,136.66928
27,32,125.49651
27,33,56.52792
27,34,46.28235
27,35,40.880417
27,36,68.92093
27,37,-0.9236468
27,38,62.91241
27,39,-18.15358
27,40,6.6046877
27,41,151.07523
27,42,-33.080658
27,43,-28.328531
27,44,8.335878
27,45,22.40262
27,46,140.8325
27,47,12.938405
27,48,18.63459
27,49,22.044333
27,50,22.125965
27,51,44.364555
27,55,120.8131
27,84,13.9956
27,85,32.304188
28,1,-31.199968
28,2,-33.034206
28,3,-29.349838
28,4,-30.43318
28,5,809.22375
28,6,850.1145
28,7,1165.0627
28,8,1500.2063
28,9,350.3394
28,10,477.45374
28,11,185.98726
28,12,289.79953
28,13,159.8747
28,14,306.89185
28,15,81.36792
28,16,161.53076
28,17,848.0273
28,18,291.4013
28,19,445.89902
28,20,596.0359
28,21,128.42966
28,22,91.84392
28,23,21.138237
28,24,-26.206642
28,25,6.7165766
28,26,391.8768
28,27,417.68365
28,28,0.0
28,29,50.706154
28,30,211.60973
28,31,756.76886
28,32,188.81223
28,33,283.94992
28,34,123.693054
28,35,179.75493
28,36,216.21397
28,37,-34.272816
28,38,49.337803
28,39,154.70222
28,40,89.99312
28,41,529.72314
28,42,-311.6386
28,43,63.413372
28,44,119.33406
28,45,70.39959
28,46,574.4403
28,47,315.4662
28,48,78.49989
28,49,39.2849
28,50,54.616703
28,51,356.9171
28,55,574.9479
28,84,281.89282
28,85,568.6601
29,1,118.79081
29,2,103.69991
29,3,40.19188
29,4,70.40147
29,5,410.40613
29,6,396.7644
29,7,503.68253
29,8,585.64056
29,9,184.54941
29,10,253.35272
29,11,127.38831
29,12,189.59555
29,13,36.29293
29,14,108.20398
29,15,80.81703
29,16,131.41766
29,17,403.62347
29,18,116.87512
29,19,277.7461
29,20,128.71336
29,21,126.89144
29,22,101.877716
29,23,54.50866
29,24,68.238785
29,25,144.01257
29,26,201.76923
29,27,207.46649
29,28,233.41876
29,29,0.0
29,30,91.39531
29,31,364.16794
29,32,250.89624
29,33,229.10037
29,34,103.798996
29,35,51.022755
29,36,152.35226
29,37,76.821106
29,38,81.21769
29,39,31.832771
29,40,99.10788
29,41,322.22717
29,42,-121.86214
29,43,7.3189363
29,44,13.92543
29,45,29.508545
29,46,299.48734
29,47,55.542027
29,48,3.6242843
29,49,13.693439
29,50,55.128246
29,51,164.94615
29,55,272.57736
29,84,89.975624
29,85,250.81674
30,1,45.528564
30,2,27.544216
30,3,-8.214031
30,4,19.148336
30,5,175.60605
30,6,177.39783
30,7,202.84982
30,8,136.39752
30,9,52.69323
30,10,-0.50479335
30,11,31.502617
30,12,75.89825
30,13,-40.3019
30,14,20.32867
30,15,-12.662021
30,16,68.00284
30,17,235.64929
30,18,38.91966
30,19,62.257874
30,20,72.634796
30,21,-3.8929965
30,22,-41.871876
30,23,-43.17062
30,24,3.6114738
30,25,46.70721
30,26,28.304338
30,27,23.728745
30,28,107.198044
30,29,-14.078245
30,30,0.0
30,31,143.79106
30,32,71.84893
30,33,21.79108
30,34,-12.008032
30,35,20.222878
30,36,12.239548
30,37,-25.044764
30,38,38.97736
30,39,7.5458794
30,40,41.297775
30,41,174.6731
30,42,-32.166565
30,43,-1.9852115
30,44,0.28048337
30,45,15.873574
30,46,123.139435
30,47,49.631813
30,48,-21.12568
30,49,-9.420756
30,50,0.8811205
30,51,35.623238
30,55,97.27716
30,84,7.045623
30,85,36.97446
31,1,199.47234
31,2,217.0098
31,3,159.18614
31,4,164.51804
31,5,21.982069
31,6,10.191315
31,7,-32.15733
31,8,-98.401
31,9,-8.484995
31,10,27.022503
31,11,31.36011
31,12,34.911568
31,13,-17.683863
31,14,-11.221238
31,15,-7.338142
31,16,-9.137042
31,17,-161.65851
31,18,-13.152693
31,19,104.406815
31,20,-42.926716
31,21,178.72688
31,22,165.87076
31,23,188.76941
31,24,192.88414
31,25,273.2053
31,26,92.42731
31,27,120.09932
31,28,376.04462
31,29,164.9415
31,30,36.35578
31,31,0.0
31,32,311.05084
31,33,240.4821
31,34,126.9263
31,35,-71.32349
31,36,123.43986
31,37,251.90178
31,38,71.855484
31,39,-28.373568
31,40,122.62463
31,41,-2.7870002
31,42,19.873184
31,43,-38.055103
31,44,-29.51275
31,45,91.07501
31,46,-7.645666
31,47,-124.99095
31,48,-28.045952
31,49,7.460751
31,50,112.8122
31,51,17.553726
31,55,-25.491322
31,84,-54.590286
31,85,4.3213387
32,1,-9.526062
32,2,-25.906887
32,3,-29.200323
32,4,-26.147346
32,5,486.25668
32,6,510.9438
32,7,639.44086
32,8,805.68335
32,9,171.23618
32,10,150.93134
32,11,104.38367
32,12,199.55711
32,13,-14.861623
32,14,155.16974
32,15,-44.6914
32,16,137.52379
32,17,562.6905
32,18,168.462
32,19,242.74298
32,20,318.21814
32,21,57.504345
32,22,5.25295
32,23,-17.541481
32,24,-32.584335
32,25,12.510815
32,26,209.33307
32,27,167.26265
32,28,58.633385
32,29,19.798382
32,30,90.84121
32,31,458.91296
32,32,0.0
32,33,152.63458
32,34,20.558971
32,35,62.653812
32,36,91.1512
32,37,-6.8284426
32,38,42.01651
32,39,69.22068
32,40,125.2455
32,41,407.32562
32,42,-160.59181
32,43,45.05052
32,44,16.8733
32,45,29.899796
32,46,324.33405
32,47,160.28978
32,48,-36.608345
32,49,-11.840073
32,50,13.168597
32,51,183.9418
32,55,307.50583
32,84,127.02057
32,85,332.03955
33,1,-124.45845
33,2,-155.71669
33,3,-94.80126
33,4,-130.32289
33,5,364.11145
33,6,392.12384
33,7,415.8775
33,8,695.271
33,9,65.620674
33,10,-73.87593
33,11,68.34213
33,12,196.03534
33,13,-182.76826
33,14,121.2854
33,15,-223.62978
33,16,171.90965
33,17,534.7136
33,18,151.59666
33,19,154.7365
33,20,224.95705
33,21,-4.099636
33,22,-70.137665
33,23,-66.98299
33,24,-140.71825
33,25,-118.02003
33,26,163.36298
33,27,-17.496872
33,28,-119.850235
33,29,-14.114591
33,30,21.690804
33,31,406.13904
33,32,-28.37778
33,33,0.0
33,34,-99.01659
33,35,-20.249422
33,36,-10.036575
33,37,-5.1247787
33,38,1.0605544
33,39,43.367874
33,40,216.2947
33,41,450.90308
33,42,-117.16155
33,43,90.83905
33,44,-83.77127
33,45,-47.51552
33,46,205.38374
33,47,106.411095
33,48,-181.08864
33,49,-76.8737
33,50,-56.482964
33,51,126.76948
33,55,189.6239
33,84,90.44204
33,85,374.29733
34,1,33.71683
34,2,-4.4052544
34,3,-22.047508
34,4,13.13608
34,5,360.75934
34,6,387.11594
34,7,446.98236
34,8,626.58295
34,9,103.55209
34,10,158.97635
34,11,55.020634
34,12,90.027
34,13,-63.7739
34,14,96.985245
34,15,-24.439552
34,16,97.618515
34,17,408.04224
34,18,112.24434
34,19,170.96603
34,20,188.12708
34,21,43.40795
34,22,15.843205
34,23,3.4662385
34,24,-7.962736
34,25,59.898903
34,26,125.56931
34,27,90.59482
34,28,117.76951
34,29,-11.0103655
34,30,31.734474
34,31,339.79193
34,32,98.56537
34,33,111.801956
34,34,0.0
34,35,19.069082
34,36,74.64598
34,37,20.724937
34,38,65.76842
34,39,-37.571236
34,40,111.870384
34,41,322.24335
34,42,-93.44411
34,43,32.964775
34,44,-32.916267
34,45,21.675188
34,46,181.60127
34,47,82.188034
34,48,-73.465996
34,49,-15.132895
34,50,7.41657
34,51,112.81575
34,55,192.46274
34,84,73.37727
34,85,215.21472
35,1,137.61966
35,2,104.23134
35,3,31.796497
35,4,76.148155
35,5,-87.856255
35,6,-156.80045
35,7,-199.46451
35,8,-542.4928
35,9,-44.642097
35,10,25.451633
35,11,-8.087788
35,12,4.0863585
35,13,-84.15538
35,14,-16.819403
35,15,103.32175
35,16,105.20233
35,17,-37.300602
35,18,-82.44727
35,19,14.700001
35,20,-282.71335
35,21,6.9601774
35,22,-25.129816
35,23,-16.020939
35,24,47.740593
35,25,116.8364
35,26,-70.887825
35,27,-73.378624
35,28,197.20747
35,29,11.739048
35,30,-60.86973
35,31,-33.67761
35,32,90.27291
35,33,-32.07319
35,34,-29.139204
35,35,0.0
35,36,-11.838803
35,37,51.26539
35,38,75.951294
35,39,-33.868187
35,40,10.191597
35,41,-14.50962
35,42,49.746346
35,43,-52.809235
35,44,-33.213345
35,45,-47.98176
35,46,26.623741
35,47,-82.39289
35,48,-34.501465
35,49,3.1080837
35,50,6.032917
35,51,-54.88344
35,55,-45.14441
35,84,-74.02231
35,85,-121.380684
36,1,16.138683
36,2,-3.766697
36,3,-27.292559
36,4,-8.706099
36,5,211.37576
36,6,206.72667
36,7,249.12991
36,8,266.2415
36,9,79.146774
36,10,40.252415
36,11,54.076077
36,12,108.5743
36,13,-30.94468
36,14,35.83663
36,15,-2.3051498
36,16,91.85012
36,17,290.06616
36,18,57.74482
36,19,98.48456
36,20,64.77479
36,21,0.47071797
36,22,-27.244932
36,23,-47.578655
36,24,-22.87961
36,25,9.71961
36,26,61.836784
36,27,35.052193
36,28,49.014343
36,29,-23.679668
36,30,19.546564
36,31,191.28271
36,32,56.241814
36,33,40.15278
36,34,-6.488242
36,35,27.284988
36,36,0.0
36,37,-32.13649
36,38,30.029324
36,39,19.432327
36,40,46.625027
36,41,213.20396
36,42,-53.556053
36,43,15.113005
36,44,-4.3300333
36,45,-13.885802
36,46,156.63553
36,47,54.261395
36,48,-23.61462
36,49,-12.778112
36,50,-11.340333
36,51,63.69528
36,55,133.1113
36,84,35.931477
36,85,105.80292
37,1,57.902634
37,2,62.307667
37,3,17.155489
37,4,26.326233
37,5,717.65405
37,6,698.15356
37,7,1028.8306
37,8,1108.4037
37,9,355.60272
37,10,523.6252
37,11,207.03967
37,12,323.20044
37,13,208.6809
37,14,285.62726
37,15,211.97006
37,16,203.053
37,17,745.3973
37,18,229.44139
37,19,470.7747
37,20,406.09564
37,21,155.40697
37,22,116.99319
37,23,30.27769
37,24,31.248638
37,25,79.14063
37,26,371.94492
37,27,439.4664
37,28,132.3947
37,29,88.101746
37,30,212.61679
37,31,680.8817
37,32,278.5542
37,33,296.0961
37,34,180.75768
37,35,212.39941
37,36,233.005
37,37,0.0
37,38,73.98096
37,39,196.74767
37,40,37.24398
37,41,432.29333
37,42,-289.8285
37,43,18.47558
37,44,155.0333
37,45,41.954384
37,46,623.9219
37,47,263.2814
37,48,144.3971
37,49,65.46948
37,50,79.31405
37,51,340.47992
37,55,567.42883
37,84,250.48805
37,85,474.34573
38,1,-11.4008665
38,2,-40.400436
38,3,-64.980675
38,4,-42.377907
38,5,206.56018
38,6,150.45041
38,7,286.91974
38,8,159.7749
38,9,118.52212
38,10,203.96667
38,11,69.96125
38,12,135.32831
38,13,39.803497
38,14,94.04327
38,15,161.63763
38,16,165.21158
38,17,360.0451
38,18,39.50154
38,19,147.51253
38,20,-28.898964
38,21,-34.07801
38,22,-53.671383
38,23,-105.78154
38,24,-71.91882
38,25,-57.30635
38,26,62.681637
38,27,62.29011
38,28,-54.941135
38,29,-46.32808
38,30,26.020702
38,31,250.89514
38,32,0.988194
38,33,-23.80796
38,34,-9.106578
38,35,126.28523
38,36,14.253967
38,37,-110.56134
38,38,0.0
38,39,85.20417
38,40,-51.628616
38,41,159.9994
38,42,-93.910965
38,43,2.4873874
38,44,57.534313
38,45,-90.74276
38,46,279.6783
38,47,109.23496
38,48,57.930473
38,49,19.279104
38,50,-32.672752
38,51,96.59177
38,55,213.96127
38,84,85.971535
38,85,114.8809
39,1,23.357822
39,2,-8.16753
39,3,-29.589565
39,4,-17.49497
39,5,-40.678337
39,6,-124.388824
39,7,-105.22622
39,8,-313.35596
39,9,-13.708139
39,10,-10.682919
39,11,28.912203
39,12,102.89787
39,13,-75.192314
39,14,-30.000523
39,15,86.44662
39,16,152.62144
39,17,93.516685
39,18,-59.911076
39,19,42.16844
39,20,-267.9279
39,21,-39.38922
39,22,-53.49923
39,23,-80.33971
39,24,-41.428932
39,25,-10.299929
39,26,-19.918251
39,27,-70.59203
39,28,0.72830534
39,29,-14.962496
39,30,-45.24852
39,31,23.13195
39,32,27.106512
39,33,-36.26102
39,34,-35.72552
39,35,29.084532
39,36,-44.124065
39,37,-26.763697
39,38,31.45081
39,39,0.0
39,40,-12.331068
39,41,40.07129
39,42,13.823494
39,43,-6.0088587
39,44,-12.763356
39,45,-134.40994
39,46,110.206665
39,47,-42.236805
39,48,-9.970313
39,49,-17.812275
39,50,-38.73694
39,51,-7.563446
39,55,22.10154
39,84,-23.373396
39,85,-37.33787
40,1,95.87346
40,2,116.90297
40,3,112.70621
40,4,73.50257
40,5,1038.4952
40,6,1020.8125
40,7,1465.5676
40,8,1832.1279
40,9,431.3808
40,10,572.9237
40,11,313.4483
40,12,555.2269
40,13,173.48477
40,14,336.46176
40,15,112.13302
40,16,285.51733
40,17,964.1464
40,18,330.94022
40,19,733.4924
40,20,620.7523
40,21,333.16287
40,22,290.37912
40,23,190.68826
40,24,120.12549
40,25,232.33415
40,26,671.3845
40,27,686.01355
40,28,306.64572
40,29,285.31912
40,30,320.36316
40,31,963.80096
40,32,605.6612
40,33,666.6139
40,34,316.83475
40,35,177.64793
40,36,377.65506
40,37,205.03897
40,38,112.36649
40,39,288.04587
40,40,0.0
40,41,660.4042
40,42,-397.62256
40,43,76.46751
40,44,157.89839
40,45,60.573204
40,46,844.27545
40,47,265.12805
40,48,118.93182
40,49,34.062706
40,50,167.51526
40,51,521.53796
40,55,757.65234
40,84,327.01697
40,85,763.55786
41,1,288.96945
41,2,238.38971
41,3,88.10388
41,4,236.1627
41,5,267.2779
41,6,321.0445
41,7,342.7747
41,8,-33.579716
41,9,27.059872
41,10,122.408936
41,11,-57.464943
41,12,-113.996155
41,13,-51.218605
41,14,20.755741
41,15,73.08749
41,16,-21.59985
41,17,214.64642
41,18,8.095621
41,19,16.682531
41,20,226.12439
41,21,14.657343
41,22,-60.849213
41,23,6.936712
41,24,182.32063
41,25,347.86133
41,26,-80.60593
41,27,91.405174
41,28,574.5003
41,29,-3.7376242
41,30,-21.23285
41,31,141.62463
41,32,245.35623
41,33,0.98669016
41,34,-24.937832
41,35,42.877968
41,36,67.69771
41,37,8.8063135
41,38,170.78625
41,39,-145.32048
41,40,7.722116
41,41,0.0
41,42,10.335641
41,43,-93.28169
41,44,31.401098
41,45,205.46187
41,46,75.31147
41,47,93.18129
41,48,6.9554434
41,49,40.535667
41,50,90.51146
41,51,-25.649424
41,55,74.53688
41,84,-72.87706
41,85,-231.37729
42,1,30.17052
42,2,13.864213
42,3,25.904997
42,4,37.516197
42,5,299.69965
42,6,312.9581
42,7,449.00183
42,8,512.1081
42,9,60.337406
42,10,121.69765
42,11,34.172207
42,12,101.060776
42,13,-26.461475
42,14,79.47032
42,15,-4.0630074
42,16,72.14547
42,17,296.399
42,18,73.46231
42,19,161.9709
42,20,236.52127
42,21,52.235714
42,22,29.57975
42,23,35.576283
42,24,32.71249
42,25,99.47987
42,26,150.9968
42,27,167.09702
42,28,133.57536
42,29,79.09276
42,30,53.18651
42,31,279.32715
42,32,167.79105
42,33,147.17691
42,34,25.402367
42,35,46.653576
42,36,73.0247
42,37,43.866386
42,38,59.550854
42,39,42.121292
42,40,64.25528
42,41,176.92245
42,42,0.0
42,43,22.099155
42,44,41.133156
42,45,28.379494
42,46,209.7946
42,47,104.81386
42,48,11.0706625
42,49,-2.0315309
42,50,45.84837
42,51,122.34651
42,55,185.51537
42,84,68.22896
42,85,132.49182
43,1,19.801836
43,2,22.984547
43,3,40.07222
43,4,42.100014
43,5,214.5326
43,6,229.78807
43,7,374.89166
43,8,417.92834
43,9,56.495228
43,10,154.47432
43,11,20.228882
43,12,51.562233
43,13,51.287506
43,14,77.73204
43,15,41.90378
43,16,13.732696
43,17,161.1426
43,18,55.40093
43,19,126.889725
43,20,234.3063
43,21,55.37684
43,22,52.866856
43,23,56.429142
43,24,48.0872
43,25,83.41298
43,26,130.10675
43,27,189.50636
43,28,90.68988
43,29,86.00624
43,30,66.61198
43,31,192.617
43,32,135.54346
43,33,126.41734
43,34,57.20439
43,35,62.593018
43,36,78.29068
43,37,34.27627
43,38,36.099705
43,39,55.89914
43,40,3.6529958
43,41,51.583252
43,42,-86.2014
43,43,0.0
43,44,76.1263
43,45,46.44134
43,46,163.32553
43,47,103.92345
43,48,68.83819
43,49,22.52443
43,50,57.7113
43,51,107.780266
43,55,153.707
43,84,71.83929
43,85,86.80862
44,1,37.249443
44,2,-3.7288845
44,3,-45.714947
44,4,-12.273891
44,5,-28.817669
44,6,-88.034294
44,7,-120.91183
44,8,-267.63647
44,9,0.24527995
44,10,42.190742
44,11,16.667484
44,12,34.979855
44,13,-75.63016
44,14,-7.7590847
44,15,83.97873
44,16,123.498795
44,17,96.24559
44,18,-39.93988
44,19,21.468489
44,20,-257.64032
44,21,-40.159874
44,22,-53.39727
44,23,-77.84911
44,24,-45.797302
44,25,-16.079643
44,26,-56.563015
44,27,-107.03645
44,28,11.896249
44,29,-67.03699
44,30,-58.443913
44,31,30.307034
44,32,-28.427458
44,33,-73.29704
44,34,-61.324066
44,35,14.446741
44,36,-35.430405
44,37,-34.32421
44,38,37.600513
44,39,-31.19083
44,40,-0.7604046
44,41,73.78167
44,42,21.646822
44,43,-11.481881
44,44,0.0
44,45,-101.09674
44,46,47.92292
44,47,-47.807312
44,48,-50.042873
44,49,-11.716843
44,50,-48.373184
44,51,-27.75711
44,55,1.6544673
44,84,-24.169266
44,85,-19.656254
45,1,86.05503
45,2,51.360733
45,3,1.013541
45,4,70.56879
45,5,787.5936
45,6,833.3533
45,7,1110.1079
45,8,1532.0974
45,9,343.8709
45,10,612.55865
45,11,166.11855
45,12,188.73383
45,13,155.60915
45,14,229.04565
45,15,180.01501
45,16,113.83891
45,17,755.2343
45,18,249.9617
45,19,434.64856
45,20,478.23764
45,21,148.84192
45,22,161.00552
45,23,71.99089
45,24,54.41909
45,25,143.64345
45,26,338.27692
45,27,417.89734
45,28,214.40662
45,29,8.714861
45,30,170.94131
45,31,684.46826
45,32,268.04498
45,33,316.84134
45,34,138.69447
45,35,146.21965
45,36,261.88702
45,37,4.9920874
45,38,110.679214
45,39,3.9323745
45,40,58.337513
45,41,493.45758
45,42,-254.24738
45,43,45.899906
45,44,78.469284
45,45,0.0
45,46,471.95428
45,47,228.29028
45,48,76.765945
45,49,51.89026
45,50,73.610275
45,51,316.1449
45,55,518.15497
45,84,241.22626
45,85,445.4842
46,1,2.526813
46,2,-59.555183
46,3,-83.70738
46,4,-38.997257
46,5,-88.47327
46,6,-147.54797
46,7,-176.43427
46,8,-552.7553
46,9,-91.63992
46,10,-99.63136
46,11,-55.23246
46,12,-8.003167
46,13,-177.67195
46,14,-16.498348
46,15,32.013012
46,16,150.99025
46,17,137.23299
46,18,-83.977585
46,19,-77.01339
46,20,-237.18523
46,21,-142.4785
46,22,-198.94745
46,23,-173.41586
46,24,-98.5843
46,25,-52.305527
46,26,-151.24068
46,27,-206.60652
46,28,-18.484447
46,29,-88.671104
46,30,-117.88082
46,31,7.7787666
46,32,-110.780655
46,33,-219.6507
46,34,-177.0303
46,35,35.628113
46,36,-136.22649
46,37,-113.758575
46,38,47.26519
46,39,-19.249935
46,40,-22.749231
46,41,41.87338
46,42,47.847626
46,43,-22.776869
46,44,-37.34515
46,45,-116.62121
46,46,0.0
46,47,13.140098
46,48,-72.970665
46,49,-29.04586
46,50,-80.09521
46,51,-84.81174
46,55,-46.39837
46,84,-67.043594
46,85,-151.1224
47,1,311.9783
47,2,277.72495
47,3,133.25838
47,4,229.27625
47,5,156.03561
47,6,114.9193
47,7,138.64453
47,8,-369.1522
47,9,3.4177182
47,10,0.66524494
47,11,13.057228
47,12,72.96337
47,13,-91.84157
47,14,-42.12571
47,15,86.212585
47,16,100.8271
47,17,131.43199
47,18,-53.46151
47,19,93.047935
47,20,-55.361134
47,21,69.950294
47,22,-8.380481
47,23,29.816477
47,24,200.11154
47,25,371.24387
47,26,-8.354278
47,27,87.17236
47,28,587.0292
47,29,98.977425
47,30,-14.735861
47,31,79.04688
47,32,384.946
47,33,115.139885
47,34,46.732338
47,35,15.885262
47,36,65.13606
47,37,109.222015
47,38,163.07509
47,39,-26.358063
47,40,55.485657
47,41,113.156586
47,42,28.643953
47,43,-88.31448
47,44,22.36306
47,45,84.08932
47,46,164.55374
47,47,0.0
47,48,10.273142
47,49,12.039169
47,50,97.25205
47,51,-9.88045
47,55,61.84002
47,84,-105.632355
47,85,-206.65985
48,1,180.72609
48,2,164.30276
48,3,63.896973
48,4,139.30208
48,5,425.50235
48,6,469.16528
48,7,541.20764
48,8,641.2634
48,9,186.38599
48,10,302.88367
48,11,80.61162
48,12,51.987118
48,13,77.00582
48,14,100.16557
48,15,86.45306
48,16,16.98705
48,17,335.20248
48,18,125.96595
48,19,210.86884
48,20,256.5221
48,21,126.370056
48,22,107.369415
48,23,83.86405
48,24,129.27145
48,25,219.54416
48,26,135.37804
48,27,223.32681
48,28,352.92938
48,29,15.531891
48,30,86.656296
48,31,311.90387
48,32,245.77376
48,33,195.49756
48,34,102.4463
48,35,41.098427
48,36,176.26419
48,37,64.41153
48,38,101.99838
48,39,-66.618805
48,40,67.45082
48,41,280.68283
48,42,-96.30344
48,43,-20.624699
48,44,17.965658
48,45,142.43423
48,46,193.19699
48,47,75.713
48,48,0.0
48,49,39.56151
48,50,82.86705
48,51,124.93728
48,55,230.75555
48,84,67.24627
48,85,151.41464
49,1,95.06581
49,2,80.82591
49,3,28.514343
49,4,40.53897
49,5,-32.891792
49,6,-75.90426
49,7,-160.66933
49,8,-225.5858
49,9,4.230956
49,10,17.10686
49,11,38.17103
49,12,44.46389
49,13,-61.98174
49,14,-7.175689
49,15,22.935656
49,16,77.331635
49,17,-27.315403
49,18,-20.670105
49,19,55.577847
49,20,-227.90646
49,21,61.34642
49,22,48.06879
49,23,34.6044
49,24,36.57433
49,25,72.84506
49,26,2.306392
49,27,-53.08471
49,28,128.80869
49,29,11.298105
49,30,-23.315449
49,31,-1.9280432
49,32,81.52228
49,33,54.996857
49,34,14.362451
49,35,-46.216293
49,36,29.033493
49,37,98.74595
49,38,38.08393
49,39,-42.709785
49,40,80.48828
49,41,72.57425
49,42,28.366356
49,43,-16.721098
49,44,-76.832436
49,45,-33.69894
49,46,-4.609544
49,47,-115.78584
49,48,-79.20966
49,49,0.0
49,50,3.946563
49,51,-17.854822
49,55,-30.519539
49,84,-40.10662
49,85,38.216255
50,1,-7.0205445
50,2,-24.378233
50,3,-13.861202
50,4,-8.793032
50,5,464.7846
50,6,490.01218
50,7,638.351
50,8,904.3629
50,9,162.39719
50,10,210.04785
50,11,99.143486
50,12,175.26727
50,13,5.9688134
50,14,133.09749
50,15,-12.452397
50,16,109.04051
50,17,493.36536
50,18,155.9016
50,19,252.02888
50,20,304.73355
50,21,75.792076
50,22,57.25639
50,23,24.072134
50,24,-10.77774
50,25,37.638786
50,26,227.99185
50,27,203.11096
50,28,62.830963
50,29,35.991924
50,30,93.19581
50,31,430.935
50,32,145.43834
50,33,195.72583
50,34,45.62905
50,35,55.40103
50,36,114.22122
50,37,21.198322
50,38,45.431885
50,39,47.58262
50,40,105.25127
50,41,350.13596
50,42,-154.56123
50,43,53.53518
50,44,21.02131
50,45,19.440386
50,46,293.76813
50,47,136.057
50,48,-13.626192
50,49,-6.5561438
50,50,0.0
50,51,191.76492
50,55,294.6238
50,84,134.86234
50,85,319.14026
51,1,50.932583
51,2,48.87752
51,3,31.893288
51,4,56.930622
51,5,-177.59756
51,6,-165.37784
51,7,-223.92099
51,8,-404.3377
51,9,-102.91999
51,10,-105.55466
51,11,-82.11514
51,12,-130.42601
51,13,-32.328712
51,14,-69.99895
51,15,-10.440005
51,16,-80.14332
51,17,-220.08578
51,18,-78.78171
51,19,-138.23157
51,20,-49.217575
51,21,-39.224716
51,22,-43.159405
51,23,2.348061
51,24,48.395065
51,25,64.62468
51,26,-126.08185
51,27,-72.73213
51,28,91.28655
51,29,-0.22959477
51,30,-54.229156
51,31,-191.49341
51,32,-14.97223
51,33,-89.19081
51,34,-38.002678
51,35,-27.165638
51,36,-48.87776
51,37,1.2080444
51,38,13.432192
51,39,-58.534164
51,40,-45.802658
51,41,-167.86887
51,42,81.992256
51,43,-39.06698
51,44,0.4488751
51,45,44.677483
51,46,-151.5113
51,47,-37.328533
51,48,6.425615
51,49,6.244554
51,50,13.173153
51,51,0.0
51,55,-145.61845
51,84,-85.50846
51,85,-225.45773
55,1,355.75653
55,2,275.6921
55,3,82.436104
55,4,236.18805
55,5,212.91553
55,6,183.97559
55,7,127.91106
55,8,-351.04694
55,9,19.043207
55,10,83.27908
55,11,0.07640588
55,12,4.7918577
55,13,-168.60092
55,14,-19.465572
55,15,101.68144
55,16,136.92697
55,17,255.80908
55,18,-37.417618
55,19,83.965996
55,20,-131.23329
55,21,39.399345
55,22,-51.60883
55,23,-16.007591
55,24,169.12747
55,25,374.74106
55,26,-80.944405
55,27,-16.532652
55,28,642.09375
55,29,-10.247822
55,30,-70.223465
55,31,149.00015
55,32,314.3062
55,33,34.74667
55,34,-39.697147
55,35,-0.8619016
55,36,56.147232
55,37,77.85195
55,38,206.9501
55,39,-156.81598
55,40,90.55863
55,41,249.63354
55,42,46.01336
55,43,-94.32525
55,44,-60.81614
55,45,81.37302
55,46,121.46486
55,47,-44.460163
55,48,-89.26461
55,49,4.2222924
55,50,58.007454
55,51,-44.673103
55,55,0.0
55,84,-120.40635
55,85,-191.64334
84,1,146.50162
84,2,115.34348
84,3,33.14312
84,4,105.95613
84,5,72.6039
84,6,87.04561
84,7,30.312433
84,8,-46.118755
84,9,10.49906
84,10,39.283546
84,11,-9.7045765
84,12,-49.88865
84,13,-51.23955
84,14,-36.427795
84,15,25.750532
84,16,-3.8930707
84,17,49.62178
84,18,-8.732127
84,19,0.39845407
84,20,-29.170876
84,21,17.513443
84,22,1.9602996
84,23,12.296037
84,24,80.966125
84,25,156.74623
84,26,-53.967308
84,27,-15.504877
84,28,263.49448
84,29,-33.77219
84,30,-32.235283
84,31,12.134851
84,32,106.55667
84,33,14.269794
84,34,-10.035764
84,35,-27.861588
84,36,32.236347
84,37,30.129467
84,38,76.01782
84,39,-117.82204
84,40,30.032843
84,41,87.905266
84,42,38.14153
84,43,-33.564075
84,44,-43.179077
84,45,60.592266
84,46,-29.31856
84,47,-38.7841
84,48,-42.96794
84,49,2.86656
84,50,23.360147
84,51,-36.540264
84,55,-14.495524
84,84,0.0
84,85,-96.17394
85,1,166.93918
85,2,126.985466
85,3,41.80947
85,4,93.25244
85,5,307.92792
85,6,310.8349
85,7,263.938
85,8,281.07843
85,9,81.02387
85,10,67.59288
85,11,72.04067
85,12,115.65858
85,13,-133.93134
85,14,56.473026
85,15,-54.390778
85,16,129.76138
85,17,324.29114
85,18,79.48272
85,19,177.08536
85,20,27.677345
85,21,105.18085
85,22,43.90953
85,23,46.889015
85,24,74.46424
85,25,190.52986
85,26,98.67291
85,27,39.799458
85,28,339.7497
85,29,25.822027
85,30,9.299833
85,31,274.39355
85,32,226.5619
85,33,165.50803
85,34,6.62696
85,35,-45.994377
85,36,94.284096
85,37,130.86703
85,38,107.755295
85,39,-78.31577
85,40,199.14355
85,41,366.0218
85,42,-39.83189
85,43,-3.044927
85,44,-96.040665
85,45,49.595
85,46,141.42976
85,47,-31.293827
85,48,-144.94974
85,49,-28.366493
85,50,35.759396
85,51,64.438416
85,55,123.1388
85,84,-8.09919
85,85,0.0
